keyword,sentiment_mean,sentiment_std,subjectivity_mean,subjectivity_std,counting
'Adolf Hitler',-0.1216244593811678,1.1349794592899156,-0.023200418613170227,1.3451613058348246,10.0
'Al Pacino',0.6041071115290755,0.6679361038267445,0.016750307512746428,0.7436541623589388,32.0
'Albert Einstein',0.19965894265458536,0.9435357280092104,0.5772467986422732,1.7549701863886564,3.0
'Alberto Ángel Fernández',0.565989301424256,0.0,-0.46801349143562754,0.0,3.0
'Aleksandar Vucic',-0.2608241004457741,1.2030730457677268,-0.3219443616465166,0.28062137024171135,9.0
'Aleksandar Vučić',-0.7199492190524578,0.9509643993746183,-0.2180909424686785,0.4636779907604953,16.0
'Alexander Lukaschenko',0.025891370753491676,0.8897115872583112,-0.12372644634303204,0.6559338430221416,21.0
'Alexander von Humboldt',1.1685554786085341,0.17756035105396745,0.2886064134039089,1.354308195771207,5.0
'Alexei Nawalny',0.6561885191686937,0.5952562159945561,-0.22217489055004627,0.6787184042140361,7.0
'Alexej Kudrin',0.5272502215935462,0.22862705687762364,-0.3396332888129132,0.026514301657656423,2.0
'Ali Chamenei',-0.5801479764334462,0.7633941228106653,-0.39311667191042715,0.06381210311446762,14.0
'Alice Schwarzer',0.2583813547615268,1.0665591993105197,0.1291270444994757,1.3343710494765015,70.0
'Alice Weidel',0.43941082191562864,1.0562871472001822,-0.19488195566515354,0.7386366825502323,21.0
'Alvin Bragg',-0.8667960534152795,0.7156879673931357,-0.021092178456991517,1.1008709494503295,8.0
'Amber Heard',0.08588786859354852,1.3392487930783181,-0.08361106254412504,0.804661724185329,8.0
'Amin Nasser',0.52740527607531,1.0,-0.01847261531981739,1.0,1.0
'Andrea Lindholz',-0.14904931730754203,1.0693646321309092,0.2512873900060028,1.0111700950693974,6.0
'Andreas Baum',0.3673865034210331,0.6418523236865533,-0.08396540311204059,0.7071868888854139,6.0
'Andreas Ellermann',0.1787494796514792,0.9568791340909074,-0.4259926689048347,0.058817313543877266,14.0
'Andreas Jung',-0.10907506726513136,0.04512569601332298,-0.49104072483973127,0.048025735034909256,2.0
'Andreas Jödecke',-0.1819311814175081,1.0,-0.7121748615086864,1.0,1.0
'Andrew Forrest',-0.1563719796346673,1.5208044621415346,-0.39851628902094266,0.05178298651195217,3.0
'Andrew Tate',-1.6338398013176714,1.6724561121589565,-0.017768904666029227,0.7096038289829232,5.0
'Andrzej Duda',0.454804634457402,0.8792894090672785,-0.041117816997601135,0.8963006245578337,25.0
'Andrés Manuel López Obrador',0.04366492824588862,0.9638640092031039,0.3930621290464568,1.4872538845107368,16.0
'Angela Merkel',0.22533925727060594,0.9967681432203557,-0.004494878348760679,0.9945020522667748,155.0
'Annalena Baerbock',-0.013515498524000465,0.8951693972861781,-0.09038953963245194,1.0330615341202325,162.0
'Anne Will',0.11293746166401143,0.8255980480498083,-0.04975834912134813,0.8530723278063262,38.0
'Anthony Albanese',0.3259753658370709,0.7474197467452509,-0.09691054204276402,0.9600835416173423,11.0
'Anthony Fauci',-0.2122906876816385,1.2329900683582855,0.2411399543840755,1.4413760240071174,19.0
'Antonio Guterres',-0.01846694370928703,1.0139388953556758,0.7437715312507474,1.5090458103061193,16.0
'Antony Blinken',-0.14141836705208355,1.1212832720212227,-0.06138879109701805,1.078792770365711,44.0
'Axel Springer',-0.4130060837459025,0.6479680301771557,0.2590632584294022,1.202675575413087,25.0
'Ayatollah Ali Chamenei',-0.5522231466099576,0.6513754631702254,-0.40046255328900704,0.08007114362708177,2.0
'Badri Hosseini Chamenei',0.025378155741761187,1.0,1.7846297546107175,1.0,1.0
'Barack Obama',0.306320859851518,0.8144124120582906,-0.060389854456622157,0.9276587893224589,111.0
'Barbara Schöneberger',0.3514256226971831,1.5130865256491222,0.3666029069987906,1.5974689458825988,9.0
'Barbara Sturm',-0.36208499274354383,1.0,-0.3798059587227731,1.0,1.0
'Bartholomäus',0.5451258490261267,0.6951004473482827,-0.01770843934649563,0.4728716257531937,3.0
'Benjamin Netanjahu',0.07818430479993617,1.0410329255343862,0.133569564489288,1.0809932565148737,105.0
'Benjamin Netanyahu',0.36319804728221966,0.8411569633422196,-0.18694980520200513,0.6928378385706326,11.0
'Berkshire Hathaway',1.1136457471344001,0.5776331520396185,0.366937985204447,1.198572671519504,2.0
'Bernard Arnault',0.19715569529346585,0.7670934299846887,1.220832333156851,2.0561805725615145,35.0
'Bettina Jarasch',0.02247295251760102,0.29678771242746615,2.150933291116248,2.0099517041960318,5.0
'Bill Clinton',-0.6248601988166974,0.9916398614297554,0.6084686207625004,1.5923391411925323,8.0
'Bill Gates',0.08276109231550506,1.2076055378277717,-0.22767238418704752,0.6788444917433042,46.0
'Billy Graham',-1.5178668839461713,0.6950687759339816,-0.33910648033790153,0.045599930861347636,4.0
'Björn Höcke',-0.6666181060948242,0.8288369476941908,-0.21424271467851547,0.9807762246429353,14.0
'Bodo Ramelow',-0.26363071156899504,0.9327731743863502,-0.05064193681534749,0.9876492955662949,47.0
'Boris Johnson',0.12863305586535206,0.9982070684842879,-0.13137296931222,0.8624623513776212,124.0
'Boris Palmer',-0.3217097481691445,1.0993525214435373,-0.21706799831546544,0.6854824701690485,38.0
'Boris Pistorius',0.4472731288486039,0.8081619534841537,-0.07057779325854419,0.8133665389145026,99.0
'Bruce Springsteen',-0.31173178699868204,0.3756355940177335,0.6575210319432946,1.8721126573490559,12.0
'Bruno Kahl',-0.2610093571486355,0.5455981965322786,-0.11014606407100211,0.905028358918679,7.0
'Bruno Le Maire',0.565989301424256,1.0,-0.46801349143562754,1.0,1.0
'Buzz Aldrin',0.189566263706717,1.040115699399642,0.12928923444204055,0.949387576614138,3.0
'Caren Miosga',0.7574928128624154,1.2601852439655181,-0.011446686544961579,0.7807130977537898,14.0
'Carola Rackete',-0.5766673602857741,0.8132505503377645,0.8473751173751216,2.8211193527272456,5.0
'Cem Özdemir',-0.024603055557867785,0.9995476212825153,0.2199327522027485,1.1627814723694851,40.0
'Charles III',0.0830890190570286,0.781854520452329,-0.10273848032466644,0.7793825331179488,329.0
'Charles Koch',0.4425040966247901,0.9606678413438046,-0.27603940147564915,0.3421249281292667,14.0
'Charles Michel',0.14035625758325287,0.845064899357879,0.3332918174051948,1.3379366922740488,38.0
'Chelsea Manning',0.02019349497705496,1.1107733234650152,0.07253818648616824,0.8979504528086368,19.0
'Chez Krömer',-0.008986448044861761,0.9564609164725041,-0.2252670696180602,0.37600909957558054,2.0
'Chris Christie',0.15847187683739639,0.46617765894651503,-0.2660837280780601,0.4962547168063589,21.0
'Chris Hipkins',-0.359711364504117,0.42028228465583656,-0.34591888434409784,0.04611570919761092,3.0
'Christian Drosten',-0.013286628008973385,0.8221910278453939,0.08452520573534447,1.1332246466801628,55.0
'Christian Lindner',-0.07428204091270714,1.0606773980797313,0.20492514145153598,1.2368898197978768,177.0
'Christine Lagarde',0.44137465535961207,0.7731337428675232,-0.252356024075429,0.47775073004387997,29.0
'Christine Lambrecht',0.08169857646154287,0.6036958422887286,1.5730208962805314,2.1450833278624284,9.0
'Christoph Heusgen',0.03373585223197051,0.9072471628537214,-0.1839373393510531,0.6673823203941008,20.0
'Christopher Nolan',-0.11251829643308266,1.2489063875929636,0.4741335238433504,1.7606664084727766,13.0
'Chuck Todd',0.577787758867115,1.0,-0.45708140192507857,1.0,1.0
'Cristiano Ronaldo',0.36916455946581733,0.8624814144849164,-0.03500192957970836,0.6222473695260915,18.0
'Cyril Ramaphosa',-0.3693802234798104,1.2489725958380018,-0.1263482634955999,0.9456540425342266,34.0
'Dalai Lama',0.1653685931042682,0.7794262780388028,-0.35035723162303395,0.01846643860095366,4.0
'Daniel Freund',-0.0437862004617693,0.4294329372764554,0.24439554323310414,1.2677286856783274,7.0
'Daniel Penny',-0.8746956424012232,1.3100072290398028,-0.21485300534054275,0.5664053259531802,4.0
'Daniel Zhang',0.4039302254736165,0.5712436031172107,-0.1188530281027553,0.16808356427202717,2.0
'David Malpass',0.09886714367932525,0.8889595084190571,-0.28860605307497433,0.33179894620151695,20.0
'Dieter Bohlen',0.2081090439814195,0.836869492502555,-0.06856429990563792,0.6553116819480053,47.0
'Dmitri Medwedew',-1.1196831842424266,0.9287235779642288,0.18534927823157,1.1717235931956966,3.0
'Don Lemon',-0.7977591434976223,1.0,-0.4569683389475424,1.0,1.0
'Donald Trump',-0.161027109430485,1.021988965783087,0.002015390220785814,0.9703440547467177,533.0
'Ebrahim Raisi',0.09657821522631005,0.7004916234437505,-0.012883768389162109,0.9644479652746899,17.0
'Edward Snowden',0.06940225374659818,0.8249184757932463,-0.2654239885885523,0.44314248477989426,22.0
'Elisabeth Borne',0.11337511599566237,1.0732612037411662,0.4247640846705312,1.8851742994347334,5.0
'Elon Musk',-0.18674117928219197,0.9792878784448358,0.17456886619026782,1.1722105585685751,393.0
'Emmanuel Macron',0.1451106088773983,1.0198042565692993,0.06373321771467183,1.0588923008273603,133.0
'Eric Ciotti',-0.7321205220838108,1.0,-0.45708140192507857,1.0,1.0
'Erich Honecker',1.003760224698015,2.4464166650269883,-0.4175907947450463,0.034724094740251704,2.0
'Erik Marquardt',-1.0931121298132216,1.0972695208013847,-0.4306902534312717,0.07711572854188942,3.0
'Eva Kaili',-0.11338002632754997,0.8237466760237538,-0.2727245310709375,0.6858335976277443,146.0
'Faisal Kawusi',0.47066450154218603,0.3343798785914677,-0.491145653715801,1.0,2.0
'Fidel Castro',-0.12765615459267482,0.9009309215653806,0.4558950215597342,1.6266777994531716,10.0
'Finnegan Biden',0.11750456161314345,0.5979808633038769,0.021260556592867026,1.0256995214393632,7.0
'Frank Bainimarama',-0.11792266196137234,0.021959381115381062,-0.385690253132221,0.07983827333615652,2.0
'Frank Plasberg',1.7421900116672733,1.6593314290373558,-0.491145653715801,0.0,2.0
'Frank-Walter Steinmeier',0.4429987796313209,1.0545380542609526,-0.057704819753623605,0.9661843423594578,71.0
'Franziska Giffey',0.13402752901912565,1.2725098656641871,-0.19427122819545142,0.7190517625362984,97.0
'Friedrich Merz',-0.12346439985491754,1.1866958023131784,0.022766833394221867,1.0119676525739256,150.0
'Fumio Kishida',-0.23068269812950648,1.04556698480376,-0.048846516798916266,0.8233913312922051,26.0
'Gabor Steingart',0.11614992067303784,0.883115868207399,-0.019695045591531145,0.9079906075041922,58.0
'Gautam Adani',-0.2449240189378628,0.9389801468810762,-0.24312828246643303,0.39552201867202275,16.0
'Generalbundesanwalt Peter Frank',-0.2634390198319495,0.37574724602262394,-0.400406021800239,0.07999119602896479,2.0
'Geoffrey Hinton',-0.9119413534188523,0.831313654506545,-0.12846591678464572,0.6264849626546684,21.0
'Georg Bätzing',0.6599931016809198,1.2238507286672422,-0.28032465227406406,0.04863681259316291,10.0
'Georg Gänswein',-0.3793472990077566,0.837729814197302,-0.27171191748458623,0.3183227771753167,16.0
'George Bush',-0.2615402994155124,1.205755158453782,0.22582247467717084,1.2911541400929025,8.0
'George Clooney',-0.13592232258462458,0.5300158511251352,-0.36193677457248824,0.06204095571268372,14.0
'George Floyd',-0.6143630630392629,1.3315726578316507,-0.3797319883155834,0.055303288672376626,9.0
'George Washington',0.44281570600906256,1.2445424734538355,-0.4213034954477247,0.052117711391300954,4.0
'Gerhard Schröder',-0.1228794334096509,1.1106005237921817,0.050162706655378156,0.9664882175888369,40.0
'Giorgia Meloni',-0.0825292414428631,1.018041580102384,0.010196950484518312,1.2101855688253096,54.0
'Greg Abbott',-0.09163113950376295,1.0,-0.3438437046529355,1.0,1.0
'Gregor Gysi',0.22653932420440645,1.0996146970805363,-0.24889111120607776,0.45828334000967613,36.0
'Greta Thunberg',-0.07902938620310826,0.9638286060094305,0.08624134980658103,1.0354513002213295,135.0
'Gérald Darmanin',1.6231972287690979,1.0,-0.3930371518836502,1.0,1.0
'Hamish Harding',-0.4431158586441506,0.8346151429434779,0.41809393415958174,0.694768764251297,6.0
'Hans Joachim Schellnhuber',0.07510253197969156,1.726133234345175,0.06575544304959842,1.350818637516198,6.0
'Harry Belafonte',-0.7525632315354075,1.3487820757280549,0.03373198003027611,0.8333462085173913,32.0
'Heinrich XIII. Prinz Reuß',-0.3329665191886477,0.8141816263699588,-0.17865214835216567,0.7704747582848789,33.0
'Helge Schneider',-0.2383726266215742,1.0,-0.3583817313134678,1.0,1.0
'Helmut Kohl',0.22388379904063876,0.7605089065964235,-0.06276555164696294,0.7702778933485848,29.0
'Hendrik Wüst',-0.7664211556354528,1.4262494887468242,0.1992176573373512,1.266845538183796,36.0
'Henry Ford',-0.14971057876414232,1.2337085973900532,-0.4505108303368149,0.06145964343314279,3.0
'Henry Kissinger',0.08670983925034083,0.813048767857773,-0.41887166054734365,0.056395155351901004,9.0
'Herbert Diess',0.3475450749511846,0.6755974220060224,-0.0255042471469642,0.6518077305736689,4.0
'Hillary Clinton',-0.1244567707045251,0.0654638951205432,-0.4715890265535296,0.09365007247474866,3.0
'Holger Friedrich',-0.9797602785425792,1.0350385916222586,-0.4466429244528484,0.06746972226507895,10.0
'Holger Münch',-0.29139001995962005,0.8015965155750476,-0.448511781525699,0.08111330760760624,3.0
'Horst Seehofer',0.18812073518463487,0.5812459425999321,-0.10793045949479745,0.7296905636050267,21.0
'Hun Sen',-0.03075434013516294,1.0364116636127927,-0.3533101025143221,0.40968871402128343,73.0
'Igor Setschin',-1.1416342739108523,1.0,-0.3438437046529355,1.0,1.0
'Isaac Newton',-0.9701943829884243,0.24040694605752397,-0.4421444376064424,1.0,2.0
'Jacinda Ardern',0.10682121088645906,0.8071334695051933,0.035369715868892475,0.9339716783988843,94.0
'Jack Ma',-0.22222928651599136,0.8233627451129469,0.38088771126783455,1.2182815314026059,33.0
'Jack Teixeira',-0.27358600109320946,1.4595609555563738,-0.04357293780623376,0.7839612455181852,18.0
'Jair Bolsonaro',-0.15963765413728329,1.1474211810201163,-0.13536606923330902,0.7295498057995257,77.0
'Jair Lapid',0.0259162260679357,1.2153164714306803,-0.26862702545189904,0.6333699525668082,24.0
'James Cameron',-0.18360180008847954,1.3493675299905896,-0.4217065315259502,0.06637192450519462,7.0
'James Cleverly',-0.1078241863321606,0.6223068614682685,-0.4608165304299122,0.0373252648510193,5.0
'Jamie Dimon',0.443822669436482,0.5997067790241812,0.37040159552029156,1.3539353853485143,6.0
'Jan Böhmermann',0.13687736041659843,0.9945520754164867,0.0631824985710805,0.9580439846746862,100.0
'Jean Carroll',-0.7755770019790983,1.0177737658353672,-0.06232926051180339,0.8050551102115918,40.0
'Jeanne du Barry',-0.042621700136133076,0.8158612146714356,-0.2245867922425172,0.5840888629236177,9.0
'Jeff Bezos',0.18779930312435802,1.0186448424271048,-0.15714613306435554,0.7059303534445107,59.0
'Jeffrey Epstein',-0.4850389349370243,0.8784039036069932,-0.02439181749931382,0.8391371791309722,22.0
'Jens Spahn',-0.2692124707681832,0.9543636054829654,0.3109867247633467,1.179428529790037,19.0
'Jens Stoltenberg',-0.034426911712020364,0.8253006678066345,0.25206279719902036,1.1697156225066763,59.0
'Jerome Powell',0.10655104784494573,0.963337941737679,-0.4467033174158769,0.07213090384318713,10.0
'Jewgeni Prigoschin',-0.07900232593418133,0.9977472584103246,0.09042986146345883,1.0791268969720222,82.0
'Jewgenij Roisman',0.058114608602720996,1.597343022755206,-0.5378143782031605,0.24658296023260234,2.0
'Jill Biden',0.056341088098809354,0.6050682611772844,0.10462879248969417,0.779485396806266,7.0
'Jimmy Carter',-0.21035663442108346,0.13138723515314626,-0.16332342606758926,0.6643386003310976,7.0
'Jitzchak Herzog',-1.0141155687710768,2.4846783358274434,-0.3008757964957077,0.0,2.0
'Joachim Gauck',-0.2115524211309877,1.1505947613609833,-0.1581782171412891,0.6830993882225811,16.0
'Joana Cotar',-0.35853889061231947,0.6790599305156702,-0.010132344941238772,1.0459176879498242,19.0
'Jochen Thewes',-1.036379253676862,1.0,-0.5250000477543839,1.0,1.0
'Joe Biden',0.07910632509502244,1.0118191275222765,-0.015444998600797472,0.9892993276807504,377.0
'John Kerry',0.4402482571927805,1.0560617677378843,0.21726354118674304,1.4938912295180817,10.0
'John Rawls',0.4019178307105961,1.0,-0.3798059587227731,1.0,1.0
'John Roberts',0.5494713775484309,0.906655874486741,1.0212139063737808,1.9304829869345994,2.0
'Johnny Depp',0.17293627855614271,0.7272661691595556,0.10117327002989891,1.1229683920125286,42.0
'Joko Widodo',0.28146896165813984,0.9052469540651797,-0.05937947551551807,0.8388736513534956,9.0
'Jordan Neely',-1.0869673302707592,2.0290430092936247,0.583045281941263,1.9294902024457723,4.0
'Joschka Fischer',0.08478543843066651,0.9132881671655121,-0.30229112209128745,0.41910188132868803,16.0
'Joseph Ratzinger',0.20442529380635982,0.5073216251245622,-0.2011541955305877,0.2751645660569064,10.0
'Julia Koch',0.4354598425720596,0.8704954146361288,-0.3189242107800322,0.06297448320730312,2.0
'Julian Assange',-0.2369558123123273,1.2702609288785325,-0.13588163671251194,0.6535593087960427,27.0
'Julian Reichelt',-0.2589861723122672,1.09536652351529,0.1700057643579307,1.0512079043569875,69.0
'Justin Trudeau',0.055376498205645455,1.1324852762161952,-0.27961912302126113,0.4275193931414224,21.0
'Jürgen Grässlin',-0.8872642777698491,1.0,-0.4096526457048414,1.0,1.0
'Kai Wegner',0.2307776404355229,0.7863938607276061,0.5480925088854834,1.9050206881191671,51.0
'Kamala Harris',-0.5118518932071687,1.540726451378668,-0.08610443902663689,0.4686646698918548,4.0
'Kanye West',-0.677191359036761,1.1651731093279842,0.033627433887118724,1.0891757529686437,52.0
'Kardinal Woelki',-0.16965348771872815,1.0558510497158178,-0.0034498472599803114,1.44258706287151,57.0
'Karim Benzema',0.7536261468740262,1.229176027267429,-0.29483529857076235,0.3605690699317369,20.0
'Karine Jean-Pierre',-0.11344564426608983,0.799462413309451,-0.1759058288095633,0.528334630358177,18.0
'Karl Lauterbach',-0.28547306524566224,1.041115217146876,0.2480865405378913,1.2305706186335057,103.0
'Karl Nehammer',-0.09770996965368123,0.9632675292858837,0.23589105691433085,1.3174767249048132,22.0
'Katalin Novak',-0.1286683327947249,1.74175004282238,-0.45507896452103497,0.018292183385496638,2.0
'Katalin Novák',-0.13426237542604932,0.9245420708110273,0.11265864675445743,0.6953738719148996,6.0
'Katarina Barley',-0.11610575720051262,0.6533299693362578,-0.1915221796092775,0.7987571413854679,17.0
'Katharina König-Press',-0.07716638160834792,1.0,-0.45708140192507857,1.0,1.0
'Katja Krasavice',-0.11086479367177401,0.8105657086431818,0.7699553794210114,1.7624915761850433,34.0
'Katy Perry',0.11926167323070581,1.249084891443057,-0.10000985255621053,0.5757135828699388,11.0
'Kemal Kilicdaroglu',-0.18092755110567757,0.684251780193777,0.08650261284595812,1.3665151669231108,16.0
'Kemal Klçdarolu',-0.9577618533657104,1.0,-0.4569683389475424,1.0,1.0
'Kemal Kılıçdaroğlu',0.05339130994297703,1.281402432400292,-0.3283405923093123,0.05483514881895286,12.0
'Kevin Kühnert',0.23290925968038592,1.0618939760142303,0.05814315789687556,1.1345907862634907,65.0
'Kevin McCarthy',0.36721875278760097,1.5730304173423553,-0.39831358699598535,0.09153391462758205,5.0
'Kim Jong Un',0.7891897977942571,0.7767525047995932,-0.18809548080508118,0.6022166543917006,9.0
'Kim Jong-un',0.13153430169992414,0.7842130842677172,0.08531737850268667,1.160679397516297,47.0
'Kim Kardashian',0.03492323623179057,1.050818191910883,0.15542291806040845,1.4524733554055227,21.0
'King Charles III',0.47702082742018737,0.933979073878904,0.006073657853086674,1.053264665784879,31.0
'King Charles',-0.15057901958660183,0.7990935233293757,0.5768936603518715,0.9016929928052076,6.0
'Klaus Hasselmann',0.9782606230217691,1.0,2.2533188341520054,1.0,1.0
'Klaus-Michael Kühne',0.6302614183097324,0.9172847699427651,0.5514711030594575,2.1336285253132483,9.0
'Konrad Adenauer',-0.15626918413796137,1.4249262150231394,-0.10072108695017337,0.7654218040042172,17.0
'Kurt Krömer',0.1247043168476256,0.8765128048585608,0.0368915559350742,0.7459294547733453,48.0
'König Charles III',0.06271787891228166,0.7522657432931934,-0.16712715870615946,0.6282628200868202,302.0
'Königin Camilla',0.18978104490342648,0.6584929812650344,-0.28063533620158004,0.22357389022660668,36.0
'Königsgemahlin Camilla',0.308267513521244,0.9266726961196698,-0.36093828526350846,0.09026321336835146,9.0
'Lachlan Murdoch',-0.8462381336666566,1.0,0.8136413050542414,1.0,1.0
'Lady Di',0.10945346038609162,0.8373804263652984,-0.37285322243847235,0.03621695683380222,7.0
'Lady Gaga',-0.47119285641070774,0.5683179385158248,-0.37435527078106023,0.009440868451249687,3.0
'Lael Brainard',0.9976320415911262,1.0457246243870186,0.02643771422207375,0.9889024113154026,4.0
'Larry Ellison',-0.27367275931497376,0.3226729275799734,-0.19554814455310673,0.5115643157835451,5.0
'Larry Page',0.9656606655624557,0.8783115859675898,0.17275837711245356,1.0191340334840406,4.0
'Lars Klingbeil',1.0858785588123638,1.2643946295925104,-0.06922064547568747,0.7046238645086347,5.0
'Lauren Sanchez',0.22066938881747147,0.4416596426881726,0.5874426236143386,1.3447707528929915,2.0
'Lauren Sánchez',-0.7186196436888092,0.8643705236961456,-0.3798059587227731,0.0,2.0
'Laurent Berger',0.7908951103752125,1.0,-0.32088484631235864,1.0,1.0
'Le Pen',0.3384053927535505,1.880801630013281,-0.4261295074519039,0.06404210898303203,5.0
'Lee Hsien Loong',0.7040959019463475,0.6870274984539918,-0.3736610823258244,0.049104700756734156,6.0
'Leonardo DiCaprio',0.20294409482216813,0.5770827611596087,-0.03752920765347939,1.1654335208305986,17.0
'Leonardo da Vinci',-0.1627652217890486,0.06204982310777896,0.06538330232979275,0.8412605450969246,4.0
'Linda Yaccarino',0.20200207098842654,0.8887571992453518,-0.18760772187311905,0.623113126950937,40.0
'Lindsey Graham',-0.32346961793560153,0.6837099153274853,-0.06352714948295834,0.6349360171568584,11.0
'Lionel Messi',-0.014923478550042125,0.9782827330999134,0.006167410510868598,0.9905610363420563,83.0
'Lionel Richie',0.666371050639088,0.7274239058850764,-0.34087006389935476,0.06732690627771731,18.0
'Liz Truss',-0.06567964869625616,1.213811885391462,0.08849388628875733,1.4729270945296136,14.0
'Lothar Wieler',0.09472010678441287,0.8363706233629397,-0.01465902153616911,0.9350450496275072,68.0
'Louis Klamroth',1.3194717909036522,0.8651686190350503,-0.2611230283003846,0.45428847641428705,72.0
'Luisa Neubauer',0.34692525353040604,1.2658039515752615,-0.2058734370214499,0.6835933709361752,63.0
'Lukaschenko',-0.1627780798954323,1.0562680124374648,0.012632280168451382,1.0925447032684152,85.0
'Lula da Silva',-0.0339761500368699,0.8368889732542162,0.0024437442297937755,1.1861443702292271,16.0
'Lula sa Silva',0.35330683464074264,0.6467159828674183,0.09535345938707816,0.9616826326513823,7.0
'MacKenzie Scott',-0.33846976463400275,0.9254784808895431,0.5197688366595281,1.5738256149390948,5.0
'Macky Sall',-0.4064452423302189,0.8177137601370694,0.7149895783044593,1.7723410284114667,2.0
'Mahmud Abbas',-0.20275065563852498,0.909246503941878,-0.22362782600699718,0.41374421036778,9.0
'Malu Dreyer',-0.2326706592455405,1.5360442493989725,0.14196467199334725,1.3007105603739773,6.0
'Marco Buschmann',-0.47036840851266243,1.1355720670914475,0.01261565178801998,0.9188577788993721,52.0
'Margaret Thatcher',0.029924267849823865,0.5165293761081707,0.4666053993914532,1.4308201233630218,7.0
'Maria Kolesnikowa',-0.15545440046721304,0.9277972904784064,0.2661136992081709,1.2822508997353836,22.0
'Marine Le Pen',0.11434355950721482,0.8511336547343245,-0.005568895531969598,0.7792648579304172,25.0
'Marine Le Pen',-0.1820721539571797,0.21284423277454798,-0.4751419711875184,0.044931093591819765,3.0
'Mario Czaja',0.40212639832875485,0.6440938631015103,0.126596184121366,0.8961636566148693,15.0
'Marjorie Taylor Greene',2.1622909890620066,1.0,-0.4569683389475424,1.0,1.0
'Mark Rutte',0.31091655660558004,0.7073790155898068,-0.17842950826685033,0.6166427509701415,14.0
'Mark Zuckerberg',-0.05185943263414974,0.8572714681606253,0.11686014546410516,0.9197745482953634,64.0
'Markus Krebber',0.03453641959782859,1.1860127935577214,0.0704731613065764,0.8589192845194775,21.0
'Markus Lanz',0.05024855739433531,0.7649827319427143,-0.0384702005662895,0.8562248122190017,99.0
'Markus Söder',0.08797960904843821,1.0800244604576739,0.12449032256821128,1.1113266920311122,114.0
'Martin Luther King',-0.2929831516217345,0.779012780306873,0.5794169066978477,1.6117409797427005,3.0
'Martin Schirdewan',-0.09385132293068528,1.2975555042129414,-0.1689935237848243,0.6490922750011243,31.0
'Martin Scorsese',0.11744461760769824,1.0296905407616697,0.02158937826562358,1.4788632915383293,24.0
'Martin Sonneborn',-0.5616436292121089,0.48158426292767414,0.3306461116083641,1.3677480140062934,3.0
'Mateusz Morawiecki',-0.012462208646482042,0.9178949259357889,-0.0016362258537537448,0.8144566287166665,23.0
'Mathias Döpfner',-0.3803296773597845,0.9448435667429427,-0.07361809866464036,0.7985596736316651,39.0
'Matt Damon',-0.8544580433013468,1.0423610476221568,-0.14464318970901607,0.41601784335249187,6.0
'Maybrit Illner',-0.11070292736769868,1.005435337123338,0.49056248326099217,1.5382775064792595,77.0
'Meg Bellamy',0.9144463234646852,1.0,-0.4008918628686366,1.0,1.0
'Melinda Gates',-0.5788129793031993,1.3895936185033657,0.8460857699480042,1.7157033383858251,14.0
'Michael Ballweg',-0.27542902042065576,0.2738128485560168,0.9510843652641725,1.7527617419127246,7.0
'Michael Kretschmer',0.14089797950719293,0.9599354322479146,0.38775604165833166,1.8068918477788165,38.0
'Michael Mann',0.21174357190694248,0.6388345633014159,0.25604103566029734,1.0822878933919498,13.0
'Michelle O\'Neill',0.8383570002029453,1.0,1.3995464998681333,1.0,1.0
'Michelle Obama',0.1377765663629503,0.9015572239632398,0.04885032366051596,1.1891120531543917,56.0
'Miguel Díaz-Canel',-0.6476230423601866,0.5648398087003138,-0.4096526457048414,0.0,2.0
'Mike Pence',-0.13969771308511447,0.8452099759036502,-0.15997118661450807,0.7707769446913789,90.0
'Mohammed Bin Salman',-0.25198756657370364,0.25431169705629636,0.6080504844711977,1.4263453438600702,5.0
'Mohammed bin Salman',0.2176500693979813,1.060768213298658,-0.11570594728024126,1.0067052595367403,24.0
'Mojib Latif',-0.08883783204141721,1.490942334431309,0.4064184906733874,1.3257472485854314,9.0
'Muhammad bin Zayid Al Nahyan',0.7454253489173212,1.0,-0.3079565902914373,1.0,1.0
'Mukesh Ambani',0.5771921013005595,0.6093591967212194,0.2004453140251457,1.1128034084033847,5.0
'Nadja Abd el Farrag',0.21664890081123542,1.0678459095396655,0.06272685913439066,0.7906490010276613,24.0
'Nancy Faeser',-0.17949300539411978,1.0420748797781922,-0.18266085733022705,0.7482775151601619,161.0
'Narendra Modi',0.005140737702968647,1.0764502799030347,-0.2879596627705114,0.6550746861516965,31.0
'Nicola Beer',-0.4433197825460922,0.7094497469094737,-0.41164208939682506,0.06837595367062771,6.0
'Nicola Sturgeon',-0.04527256871012373,0.7245797731049627,-0.25105844656776327,0.6119981314985175,33.0
'Nikki Haley',0.00785013740189592,0.917313981697248,-0.19644491537189965,0.5315550988060621,18.0
'Nikos Androulakis',-0.1586526460831596,0.409306354140046,-0.39850373041098935,0.06127875023229428,5.0
'Nina Gummich',-1.23922426092047,0.14483047362161613,-0.3438437046529355,1.0,2.0
'Noam Chomsky',0.6341789199725053,1.0,-0.5073861774731894,1.0,1.0
'Norbert Röttgen',-0.050667569933022835,1.1823679972784624,-0.1914171268439289,0.5059403774498308,17.0
'Ola Källenius',0.2929514162258761,0.7869812009937098,0.09060200452989545,0.8443459758566555,9.0
'Olaf Scholz',0.24223757743267385,0.8880714593745814,0.0109051159880659,1.0425505492264928,455.0
'Oliver Blume',0.03624809481335353,0.8507114946430931,0.5956454046546255,1.4338851336238703,45.0
'Olli Schulz',-0.19639244740679757,1.1053827301852919,-0.36513262997807355,0.025168800807265586,5.0
'Otmar Issing',0.14179041191770053,0.4666551000510415,0.29948860163886687,1.0365589249608624,4.0
'Pablo Picasso',-0.41214814993352,0.5585171318551725,-0.3968782664209872,0.07526955863858206,11.0
'Papst Benedikt XVI',-0.25451650039083035,0.9293679750861472,-0.06381605016986333,0.8101486980261476,332.0
'Papst Franziskus',-0.13013443829681726,0.9126402349610884,0.026744372187620043,1.0006917818378585,187.0
'Patriarch Kyrill',-0.03692201573807757,0.9441633312978821,-0.33197452526975496,0.2829274642249478,13.0
'Patrick Graichen',0.09834662182903978,1.0475910366610732,0.056862920950153904,1.1127559782537322,40.0
'Patrick Pouyanné',1.1542739168930516,1.0,0.5264114961238177,1.0,1.0
'Paul Kagame',0.24734340842001384,0.7872872973085906,-0.42877197760704283,0.05661884863607153,4.0
'Paul Ronzheimer',0.032107688417938755,1.1531659922840274,0.23479587275167865,1.355275324279432,29.0
'Paul-Henry Nargeolet',-1.3388685146908625,1.0879481440751342,0.7540922537683821,2.318331320126712,4.0
'Pedro Sánchez',-0.22074967492945136,0.834827335907126,0.17356735255202527,1.2166966646517263,11.0
'Penny Mordaunt',0.33792897552362616,0.8014583399134562,0.07289488531628759,0.9530250142398677,14.0
'Pete Davidson',0.14222046108451405,0.5619848755088916,-0.3206939786561003,0.04009650160781673,3.0
'Peter Thiel',0.8948468123129202,0.9112385930493984,-0.36652952833508917,0.20861433244602867,6.0
'Peter Tschentscher',0.18697996611154227,1.011303579279887,-0.25777543381031215,0.7028760493031527,14.0
'Peter Urban',-0.33045777068798904,0.9231447689937194,-0.1837673558626064,0.6401454066966485,11.0
'Philipp Wolff',-0.2383726266215742,1.0,-0.3583817313134678,1.0,1.0
'Pietro Lombardi',0.5390337058573416,1.0074245243362998,0.11855874587982108,0.9183884778940484,13.0
'Pippa Middleton',0.8458716590739955,1.0,-0.3438437046529355,1.0,1.0
'Prince Charles',0.026102472794573495,0.71278216507403,-0.0997329200822352,0.5323772127516607,10.0
'Prinz Andrew',-0.43548324136540856,0.7379065147234357,0.2500310770074673,1.3006734134486972,17.0
'Prinz Archie',-0.13255936518202197,0.7372937143187015,-0.12062541304073447,0.6239569349756787,24.0
'Prinz George',0.5217495620653602,1.0966196930925498,-0.2553023883690276,0.281863225692471,19.0
'Prinz Harry',-0.13470683744598025,0.9489775885819561,0.12560139049926142,1.148536505700561,169.0
'Prinz Heinrich XIII',-0.334445302488405,0.5046630054234653,-0.40350436861095734,0.09662353519840966,10.0
'Prinz Louis',0.2673591536547962,1.0271096168445928,-0.05745810962023831,0.762396026116139,25.0
'Prinz William',0.16530769194040423,1.0761441515224324,-0.062426438026876654,0.7106784253827276,78.0
'Prinzessin Diana',-0.4106870268186345,1.2305107903437267,-0.2611944262416559,0.3079544921160404,17.0
'Prinzessin Kate',0.281286318835345,1.1761321641164308,-0.077369528873022,0.8615159834008863,35.0
'Putin',-0.036937773136280105,0.9936760867803421,0.013311510693356062,0.9827865881790281,738.0
'Queen Camilla',0.0820630204529898,0.5201427177065259,0.1032439822647677,0.9519978716598723,17.0
'Queen Elizabeth II',0.08385914469452709,0.6783350394920523,0.23543876647794945,0.9521359482851569,17.0
'Rafael Grossi',-0.07057329764895444,0.6289836737814667,-0.389320798432923,0.050861301691057695,10.0
'Rainer Maria Woelki',-0.32179796790518106,0.877191806713728,-0.22188787995908824,0.5710621493636511,14.0
'Ramsan Kadyrow',-0.46855360666311874,1.2559158949270182,-0.11358258420235649,0.6512247243256769,10.0
'Recep Tayyip Erdoan',0.9589123045764703,1.0511115481501379,0.15409567907966623,1.5503752476377335,16.0
'Recep Tayyip Erdogan',0.24722556900701861,0.6640584594174319,0.14922488235610512,1.3433927121392626,44.0
'Recep Tayyip Erdoğan',-0.2557877753057469,1.2087083948493536,-0.16895258843789496,0.7061709694486945,54.0
'Ricarda Lang',0.08708870946143515,1.1745620069700402,-0.17240839081538029,0.7247374969903803,57.0
'Richard David Precht',-0.6746672356917595,1.1583120929154902,-0.3098299109162066,0.48925327980649386,15.0
'Rishi Sunak',0.08489656035134875,1.077159136754804,0.2642169359023221,1.1572176579071085,55.0
'Robert De Niro',-0.012515780254676178,1.0380326642604203,-0.18253429453039222,0.6403435730456805,10.0
'Robert Habeck',0.09585826614633638,1.075215210752685,-0.03521847949703687,1.0651588093502908,209.0
'Robert Oppenheimer',-0.14529979452623695,0.4440820844005847,-0.35580767691287457,0.0404516316777661,3.0
'Robert de Niro',0.8566958615366763,1.6573464214784315,-0.3289326839358965,0.03433496322566723,8.0
'Roberta Metsola',0.10633694010690693,0.8587061692793245,-0.2061528220651302,0.7033665721577039,25.0
'Robin Li',1.1131148422467319,0.9148026886269294,-0.2495148494212373,0.4978416762572146,7.0
'Roland Busch',-0.009660474731204153,0.766908610978954,-0.09751229370230675,1.1257858853624692,17.0
'Ron DeSantis',-0.1367497021794503,0.9944819414658408,-0.049676332299965056,0.7513865839313336,84.0
'Rudolf Steiner',0.0873178638589257,1.0,-0.3634538948976346,1.0,1.0
'Rudy Giuliani',-1.3710735225944544,1.4262947358156775,-0.4104236870166315,0.1324405621719994,10.0
'Rupert Murdoch',-0.4024366026319359,1.0055907169873717,-0.04919020913628918,0.9404282874489737,9.0
'Sahra Wagenknecht',-0.12476666619168691,0.9380153333173026,0.13078540404016767,1.1841845825571615,72.0
'Sam Altman',-0.22569062815170257,1.2133884320082862,-0.22288111526961168,0.5994026452488078,38.0
'Sandra Maischberger',-0.13920182635196926,0.7809163889574079,0.13031156335524713,1.116941144798384,26.0
'Saskia Esken',0.04073678259952726,0.8978992538747909,-0.12122639192424252,0.9436278996822303,36.0
'Schellnhuber',0.039789714905127616,0.9924053873494425,1.5863196862213924,2.88980553222468,2.0
'Selenski',-0.045131818845255835,1.0138951979504143,0.047114084100505736,1.0887901874367807,157.0
'Selenskyj',0.035384693809094196,0.9323732297400079,-0.008024949920211093,1.0006975762061765,854.0
'Sergej Lavrov',-1.8258992245997194,1.0,1.968223938069347,1.0,1.0
'Sergej Lawrow',0.0955171007325278,0.9720197424609919,-0.13424774217607646,0.6595874693546222,33.0
'Sergej Schoigu',0.016667004980982572,0.8223763021436348,0.6489225445619262,1.6826760125607907,30.0
'Sergey Brin',0.5387987264030071,0.1558230312481418,-0.4925062155823179,0.016864973336044378,3.0
'Shahzada Dawood',-0.09631260049398084,0.006620585624086722,-0.370086420821785,0.037112805119494656,2.0
'Silvio Berlusconi',-0.08115556033622896,1.245328384827226,0.05279258492174518,0.9350307610743909,72.0
'Stefan Aust',0.3720032527189403,0.6245633225223213,0.16957967272221341,1.3891594409531947,4.0
'Stefan Rahmstorf',-0.5009556455425851,0.7917649055901446,0.32060378038707715,1.141020600335736,7.0
'Steffen Große',1.0333695004519128,0.7117729763442693,-0.10824737594300521,0.812337244379768,8.0
'Steffi Lemke',-0.4014447660157332,1.021666548730563,0.12182059457531524,1.4088495071658906,24.0
'Stephan Harbarth',-0.04706873328763434,0.22574354886532202,-0.38345164427785505,0.04183618251884884,6.0
'Stephen Hawking',0.4900910691799935,1.0,-0.491145653715801,1.0,1.0
'Steve Jobs',0.7451699008761359,1.1720593077615724,-0.10982770418527528,0.9230298821178875,18.0
'Steven Spielberg',0.20942488291302228,0.6077087776315258,0.23581230217147972,1.1970062029399742,18.0
'Stockton Rush',-0.43360104084993945,0.8044388897891587,0.8642759283792492,1.9384654021558598,7.0
'Stormy Daniels',-0.5180428034060781,0.5304672267248561,-0.42435440355677045,0.06422716741037071,4.0
'Subrahmanyam Jaishankar',0.2577372561511582,0.5746688902647084,-0.19408005193464165,0.6185115221982247,8.0
'Sucharit Bhakdi',0.4708126764496607,0.9311461409022237,-0.27645979931355,0.39419922829092846,17.0
'Sundar Pichai',-0.5251802677247904,0.8960096261894752,-0.3131644937738439,0.3211095750145476,6.0
'Susanne Klatten',0.4217393713440095,0.8295674027838823,1.2667366472497612,2.3054375739571955,2.0
'Tamim Hamad Thani',0.028364530856710368,1.130910266048598,0.17673258596456157,0.8707703287380604,3.0
'Tamim bin Hamad Al Thani',0.43497077031352044,0.740828539577843,-0.4213699097922188,0.07563877280211892,13.0
'Tamim bin Hamad Al-Thani',-0.37810561729240016,1.0,-0.18898223650461363,1.0,1.0
'Ted Cruz',-0.34060854387451367,1.0,-0.4569683389475424,1.0,1.0
'Thierry Breton',0.013167552667152648,1.1919126808178853,-0.07784162506662848,0.9086379292490048,27.0
'Thomas Haldenwang',0.11540650935100828,1.109189452803712,0.39911145979844115,1.1991697032251982,21.0
'Tim Cook',0.041297306232258545,0.9901590764247675,-0.21043134554761025,0.5451377216329673,14.0
'Tim Scott',0.00022135750470547787,0.8913476855668891,-0.06067895856761765,0.8104051373086051,16.0
'Tina Turner',-0.28502078266921377,1.0982928441534927,0.35106468231711985,1.1247776954977877,17.0
'Tino Chrupalla',-0.18288253729558168,0.787310149865362,-0.02247044128848988,1.0381096269007828,16.0
'Tucker Carlson',0.14069650349580948,0.991124174570331,0.032569081116076946,1.2410348216584408,58.0
'Ulf Poschardt',0.404323804127664,0.8228183382439052,-0.405474038891789,0.3297835424065501,19.0
'Ulrich Reitz',-0.5043049492973084,0.932772294110305,0.13192335144254105,1.43720043066286,22.0
'Ursula von der Leyen',0.15746353400830118,0.8685041054543414,-0.11259173751789227,0.9497497855158924,55.0
'Veronika Grimm',-0.216016823631472,0.6798996319017753,0.2788591380059755,0.987436471428348,15.0
'Viktor Orbán',-0.04064321067628499,1.1027359386772495,-0.06685406225605388,0.6780105364099662,38.0
'Vitali Klitschko',-0.18056918830573543,1.0417633465092795,0.35074857327556935,1.1834608965606361,46.0
'Volker Wissing',0.06965547925781679,1.0674375182945572,0.30310528977936785,1.3014612467405327,49.0
'Warren Buffet',-0.12252328921916432,0.8014085901402713,-0.0762387719893774,0.8184129587518582,23.0
'Warren Buffett',0.2190575833570519,0.8239109310912363,0.1803397125692857,1.2169767306396795,27.0
'William Shakespeare',0.6059738641419256,0.4409635636223459,-0.4956496393360377,0.1551949134091425,3.0
'Willy Brandt',-0.15232640126521405,0.7915198720094289,-0.25759797910204296,0.5086952693084269,21.0
'Winfried Kretschmann',-0.013722780280732955,1.1396839596204509,0.09395115459774905,1.1700740108788739,63.0
'Winston Churchill',0.16278929870500364,0.29287394336508465,-0.3759227902126581,0.07145918929811174,4.0
'Wladimir Putin',-0.05623826724829823,1.0912034651867617,-0.1644881113274828,0.8119792705100629,149.0
'Wolfgang Kubicki',-0.3705206138405398,1.2588940813884673,0.08792073337939194,0.7935815804510847,19.0
'Wolfgang Schäuble',0.15827248161211896,0.9480075678244057,-0.36306525783650057,0.3425499789932489,24.0
'Wolodimir Selenski',-0.06668324646267623,1.275514886889921,-0.32651744984786674,0.5195174387144158,15.0
'Wolodymyr Selenski',0.41620308028263575,0.45128249523861474,0.09869652487562375,1.3343595408473548,6.0
'Wolodymyr Selenskyj',0.031638495427735995,0.9137855125647275,0.095277582599649,1.0649501358350533,94.0
'Xi Jinping',-0.06378950683524393,0.9008962994688816,-0.05086740566063493,0.9689110297204184,127.0
'Yanis Varoufakis',-0.5320045647554582,1.0347037382136008,-0.3937930152627838,0.09533538957102486,6.0
'Yoon Suk Yeol',-0.0182665819059388,0.7602748643102609,-0.35853190487215364,0.0377223695313582,4.0
'Yoon Suk-yeol',-0.6300845486288428,1.169263617353739,-0.19695688828178295,0.5532779349425897,14.0
'jair Bolsonaro',-0.0534053291808299,0.5739728185715439,0.12251321937083329,1.0995737358295388,30.0
'Élisabeth Borne',0.6828726544624226,1.164500773259471,-0.0831235865204122,0.7883948780539476,7.0
